inst066_atom_id;article_number;circ005_requirement_id;relationship;review_status;activation
INST066_ART001_ATOM001;1;;NO_EXACT_LINK_IDENTIFIED;PENDING_LEGAL_AND_COMPLIANCE_REVIEW;FORBIDDEN
INST066_ART002_ATOM001;2;;NO_EXACT_LINK_IDENTIFIED;PENDING_LEGAL_AND_COMPLIANCE_REVIEW;FORBIDDEN
INST066_ART003_ATOM001;3;;NO_EXACT_LINK_IDENTIFIED;PENDING_LEGAL_AND_COMPLIANCE_REVIEW;FORBIDDEN
INST066_ART004_ATOM001;4;;NO_EXACT_LINK_IDENTIFIED;PENDING_LEGAL_AND_COMPLIANCE_REVIEW;FORBIDDEN
INST066_ART005_ATOM001;5;;NO_EXACT_LINK_IDENTIFIED;PENDING_LEGAL_AND_COMPLIANCE_REVIEW;FORBIDDEN
INST066_ART006_ATOM001;6;;NO_EXACT_LINK_IDENTIFIED;PENDING_LEGAL_AND_COMPLIANCE_REVIEW;FORBIDDEN
INST066_ART007_ATOM001;7;;NO_EXACT_LINK_IDENTIFIED;PENDING_LEGAL_AND_COMPLIANCE_REVIEW;FORBIDDEN
INST066_ART008_ATOM001;8;;NO_EXACT_LINK_IDENTIFIED;PENDING_LEGAL_AND_COMPLIANCE_REVIEW;FORBIDDEN
INST066_ART009_ATOM001;9;;NO_EXACT_LINK_IDENTIFIED;PENDING_LEGAL_AND_COMPLIANCE_REVIEW;FORBIDDEN
INST066_ART010_ATOM001;10;;NO_EXACT_LINK_IDENTIFIED;PENDING_LEGAL_AND_COMPLIANCE_REVIEW;FORBIDDEN
INST066_ART011_ATOM001;11;;NO_EXACT_LINK_IDENTIFIED;PENDING_LEGAL_AND_COMPLIANCE_REVIEW;FORBIDDEN
INST066_ART012_ATOM001;12;;NO_EXACT_LINK_IDENTIFIED;PENDING_LEGAL_AND_COMPLIANCE_REVIEW;FORBIDDEN
INST066_ART013_ATOM001;13;;NO_EXACT_LINK_IDENTIFIED;PENDING_LEGAL_AND_COMPLIANCE_REVIEW;FORBIDDEN
INST066_ART014_ATOM001;14;;NO_EXACT_LINK_IDENTIFIED;PENDING_LEGAL_AND_COMPLIANCE_REVIEW;FORBIDDEN
INST066_ART015_ATOM001;15;;NO_EXACT_LINK_IDENTIFIED;PENDING_LEGAL_AND_COMPLIANCE_REVIEW;FORBIDDEN
INST066_ART016_ATOM001;16;;NO_EXACT_LINK_IDENTIFIED;PENDING_LEGAL_AND_COMPLIANCE_REVIEW;FORBIDDEN
INST066_ART017_ATOM001;17;CIRC005_GENERAL_SCOPE;SUPPLEMENTS_OR_CONSTRAINS;PENDING_LEGAL_AND_COMPLIANCE_REVIEW;FORBIDDEN
INST066_ART017_ATOM001;17;CIRC005_GENERAL_MINIMUM;SUPPLEMENTS_OR_CONSTRAINS;PENDING_LEGAL_AND_COMPLIANCE_REVIEW;FORBIDDEN
INST066_ART017_ATOM001;17;CIRC005_2_1_DEPOSITARY_IDENTITY;SUPPLEMENTS_OR_CONSTRAINS;PENDING_LEGAL_AND_COMPLIANCE_REVIEW;FORBIDDEN
INST066_ART018_ATOM001;18;CIRC005_1_15_FCP_INVESTMENT_OBJECTIVES_POLICY;SUPPLEMENTS_OR_CONSTRAINS;PENDING_LEGAL_AND_COMPLIANCE_REVIEW;FORBIDDEN
INST066_ART018_ATOM001;18;CIRC005_1_15_D_FCP_POLICY_LIMITS;SUPPLEMENTS_OR_CONSTRAINS;PENDING_LEGAL_AND_COMPLIANCE_REVIEW;FORBIDDEN
INST066_ART019_ATOM001;19;;NO_EXACT_LINK_IDENTIFIED;PENDING_LEGAL_AND_COMPLIANCE_REVIEW;FORBIDDEN
INST066_ART020_ATOM001;20;;NO_EXACT_LINK_IDENTIFIED;PENDING_LEGAL_AND_COMPLIANCE_REVIEW;FORBIDDEN
INST066_ART021_ATOM001;21;;NO_EXACT_LINK_IDENTIFIED;PENDING_LEGAL_AND_COMPLIANCE_REVIEW;FORBIDDEN
INST066_ART022_ATOM001;22;;NO_EXACT_LINK_IDENTIFIED;PENDING_LEGAL_AND_COMPLIANCE_REVIEW;FORBIDDEN
INST066_ART023_ATOM001;23;;NO_EXACT_LINK_IDENTIFIED;PENDING_LEGAL_AND_COMPLIANCE_REVIEW;FORBIDDEN
INST066_ART024_ATOM001;24;;NO_EXACT_LINK_IDENTIFIED;PENDING_LEGAL_AND_COMPLIANCE_REVIEW;FORBIDDEN
INST066_ART025_ATOM001;25;;NO_EXACT_LINK_IDENTIFIED;PENDING_LEGAL_AND_COMPLIANCE_REVIEW;FORBIDDEN
INST066_ART026_ATOM001;26;;NO_EXACT_LINK_IDENTIFIED;PENDING_LEGAL_AND_COMPLIANCE_REVIEW;FORBIDDEN
INST066_ART027_ATOM001;27;CIRC005_GENERAL_MINIMUM;SUPPLEMENTS_OR_CONSTRAINS;PENDING_LEGAL_AND_COMPLIANCE_REVIEW;FORBIDDEN
INST066_ART027_ATOM001;27;CIRC005_1_4_FCP_REGULATION_AVAILABILITY;SUPPLEMENTS_OR_CONSTRAINS;PENDING_LEGAL_AND_COMPLIANCE_REVIEW;FORBIDDEN
INST066_ART028_ATOM001;28;CIRC005_GENERAL_MINIMUM;SUPPLEMENTS_OR_CONSTRAINS;PENDING_LEGAL_AND_COMPLIANCE_REVIEW;FORBIDDEN
INST066_ART028_ATOM001;28;CIRC005_GENERAL_ORDER;SUPPLEMENTS_OR_CONSTRAINS;PENDING_LEGAL_AND_COMPLIANCE_REVIEW;FORBIDDEN
INST066_ART029_ATOM001;29;CIRC005_1_15_D_FCP_POLICY_LIMITS;SUPPLEMENTS_OR_CONSTRAINS;PENDING_LEGAL_AND_COMPLIANCE_REVIEW;FORBIDDEN
INST066_ART029_ATOM001;29;CIRC005_1_15_E_FCP_TECHNIQUES_INSTRUMENTS;SUPPLEMENTS_OR_CONSTRAINS;PENDING_LEGAL_AND_COMPLIANCE_REVIEW;FORBIDDEN
INST066_ART030_ATOM001;30;CIRC005_GENERAL_MINIMUM;SUPPLEMENTS_OR_CONSTRAINS;PENDING_LEGAL_AND_COMPLIANCE_REVIEW;FORBIDDEN
INST066_ART031_ATOM001;31;;NO_EXACT_LINK_IDENTIFIED;PENDING_LEGAL_AND_COMPLIANCE_REVIEW;FORBIDDEN
INST066_ART032_ATOM001;32;CIRC005_1_4_FCP_REGULATION_AVAILABILITY;SUPPLEMENTS_OR_CONSTRAINS;PENDING_LEGAL_AND_COMPLIANCE_REVIEW;FORBIDDEN
INST066_ART033_ATOM001;33;;NO_EXACT_LINK_IDENTIFIED;PENDING_LEGAL_AND_COMPLIANCE_REVIEW;FORBIDDEN
INST066_ART034_ATOM001;34;;NO_EXACT_LINK_IDENTIFIED;PENDING_LEGAL_AND_COMPLIANCE_REVIEW;FORBIDDEN
INST066_ART035_ATOM001;35;;NO_EXACT_LINK_IDENTIFIED;PENDING_LEGAL_AND_COMPLIANCE_REVIEW;FORBIDDEN
INST066_ART036_ATOM001;36;;NO_EXACT_LINK_IDENTIFIED;PENDING_LEGAL_AND_COMPLIANCE_REVIEW;FORBIDDEN
INST066_ART037_ATOM001;37;;NO_EXACT_LINK_IDENTIFIED;PENDING_LEGAL_AND_COMPLIANCE_REVIEW;FORBIDDEN
INST066_ART038_ATOM001;38;CIRC005_1_10_FCP_PARTS_CHARACTERISTICS;SUPPLEMENTS_OR_CONSTRAINS;PENDING_LEGAL_AND_COMPLIANCE_REVIEW;FORBIDDEN
INST066_ART039_ATOM001;39;;NO_EXACT_LINK_IDENTIFIED;PENDING_LEGAL_AND_COMPLIANCE_REVIEW;FORBIDDEN
INST066_ART040_ATOM001;40;;NO_EXACT_LINK_IDENTIFIED;PENDING_LEGAL_AND_COMPLIANCE_REVIEW;FORBIDDEN
INST066_ART041_ATOM001;41;;NO_EXACT_LINK_IDENTIFIED;PENDING_LEGAL_AND_COMPLIANCE_REVIEW;FORBIDDEN
INST066_ART042_ATOM001;42;;NO_EXACT_LINK_IDENTIFIED;PENDING_LEGAL_AND_COMPLIANCE_REVIEW;FORBIDDEN
INST066_ART043_ATOM001;43;CIRC005_1_18_FCP_REMUNERATION_REIMBURSEMENT;SUPPLEMENTS_OR_CONSTRAINS;PENDING_LEGAL_AND_COMPLIANCE_REVIEW;FORBIDDEN
INST066_ART044_ATOM001;44;;NO_EXACT_LINK_IDENTIFIED;PENDING_LEGAL_AND_COMPLIANCE_REVIEW;FORBIDDEN
INST066_ART045_ATOM001;45;;NO_EXACT_LINK_IDENTIFIED;PENDING_LEGAL_AND_COMPLIANCE_REVIEW;FORBIDDEN
INST066_ART046_ATOM001;46;;NO_EXACT_LINK_IDENTIFIED;PENDING_LEGAL_AND_COMPLIANCE_REVIEW;FORBIDDEN
INST066_ART047_ATOM001;47;CIRC005_1_13_FCP_REDEMPTION_REIMBURSEMENT;SUPPLEMENTS_OR_CONSTRAINS;PENDING_LEGAL_AND_COMPLIANCE_REVIEW;FORBIDDEN
INST066_ART047_ATOM001;47;CIRC005_1_13_FCP_SUSPENSION;SUPPLEMENTS_OR_CONSTRAINS;PENDING_LEGAL_AND_COMPLIANCE_REVIEW;FORBIDDEN
INST066_ART048_ATOM001;48;CIRC005_1_16_FCP_ASSET_VALUATION;SUPPLEMENTS_OR_CONSTRAINS;PENDING_LEGAL_AND_COMPLIANCE_REVIEW;FORBIDDEN
INST066_ART048_ATOM001;48;CIRC005_1_17_FCP_PRICE_DETERMINATION;SUPPLEMENTS_OR_CONSTRAINS;PENDING_LEGAL_AND_COMPLIANCE_REVIEW;FORBIDDEN
INST066_ART048_ATOM001;48;CIRC005_1_17_A_FCP_PRICE_METHOD_FREQUENCY;SUPPLEMENTS_OR_CONSTRAINS;PENDING_LEGAL_AND_COMPLIANCE_REVIEW;FORBIDDEN
INST066_ART049_ATOM001;49;CIRC005_1_14_FCP_INCOME_ALLOCATION;SUPPLEMENTS_OR_CONSTRAINS;PENDING_LEGAL_AND_COMPLIANCE_REVIEW;FORBIDDEN
INST066_ART049_ATOM001;49;CIRC005_1_6_FCP_DISTRIBUTION_DATES;SUPPLEMENTS_OR_CONSTRAINS;PENDING_LEGAL_AND_COMPLIANCE_REVIEW;FORBIDDEN
INST066_ART050_ATOM001;50;;NO_EXACT_LINK_IDENTIFIED;PENDING_LEGAL_AND_COMPLIANCE_REVIEW;FORBIDDEN
INST066_ART051_ATOM001;51;;NO_EXACT_LINK_IDENTIFIED;PENDING_LEGAL_AND_COMPLIANCE_REVIEW;FORBIDDEN
INST066_ART052_ATOM001;52;;NO_EXACT_LINK_IDENTIFIED;PENDING_LEGAL_AND_COMPLIANCE_REVIEW;FORBIDDEN
INST066_ART053_ATOM001;53;CIRC005_1_18_FCP_REMUNERATION_REIMBURSEMENT;SUPPLEMENTS_OR_CONSTRAINS;PENDING_LEGAL_AND_COMPLIANCE_REVIEW;FORBIDDEN
INST066_ART053_ATOM001;53;CIRC005_1_17_B_FCP_TRANSACTION_FEES;SUPPLEMENTS_OR_CONSTRAINS;PENDING_LEGAL_AND_COMPLIANCE_REVIEW;FORBIDDEN
INST066_ART053_ATOM001;53;CIRC005_5_4_OTHER_EXPENSES_FUND_ASSETS;SUPPLEMENTS_OR_CONSTRAINS;PENDING_LEGAL_AND_COMPLIANCE_REVIEW;FORBIDDEN
INST066_ART053_ATOM001;53;CIRC005_5_4_OTHER_EXPENSES_HOLDER;SUPPLEMENTS_OR_CONSTRAINS;PENDING_LEGAL_AND_COMPLIANCE_REVIEW;FORBIDDEN
INST066_ART054_ATOM001;54;;NO_EXACT_LINK_IDENTIFIED;PENDING_LEGAL_AND_COMPLIANCE_REVIEW;FORBIDDEN
INST066_ART055_ATOM001;55;;NO_EXACT_LINK_IDENTIFIED;PENDING_LEGAL_AND_COMPLIANCE_REVIEW;FORBIDDEN
INST066_ART056_ATOM001;56;;NO_EXACT_LINK_IDENTIFIED;PENDING_LEGAL_AND_COMPLIANCE_REVIEW;FORBIDDEN
INST066_ART057_ATOM001;57;;NO_EXACT_LINK_IDENTIFIED;PENDING_LEGAL_AND_COMPLIANCE_REVIEW;FORBIDDEN
INST066_ART058_ATOM001;58;;NO_EXACT_LINK_IDENTIFIED;PENDING_LEGAL_AND_COMPLIANCE_REVIEW;FORBIDDEN
INST066_ART059_ATOM001;59;;NO_EXACT_LINK_IDENTIFIED;PENDING_LEGAL_AND_COMPLIANCE_REVIEW;FORBIDDEN
INST066_ART060_ATOM001;60;;NO_EXACT_LINK_IDENTIFIED;PENDING_LEGAL_AND_COMPLIANCE_REVIEW;FORBIDDEN
INST066_ART061_ATOM001;61;;NO_EXACT_LINK_IDENTIFIED;PENDING_LEGAL_AND_COMPLIANCE_REVIEW;FORBIDDEN
INST066_ART062_ATOM001;62;;NO_EXACT_LINK_IDENTIFIED;PENDING_LEGAL_AND_COMPLIANCE_REVIEW;FORBIDDEN
INST066_ART063_ATOM001;63;;NO_EXACT_LINK_IDENTIFIED;PENDING_LEGAL_AND_COMPLIANCE_REVIEW;FORBIDDEN
INST066_ART064_ATOM001;64;;NO_EXACT_LINK_IDENTIFIED;PENDING_LEGAL_AND_COMPLIANCE_REVIEW;FORBIDDEN
INST066_ART065_ATOM001;65;;NO_EXACT_LINK_IDENTIFIED;PENDING_LEGAL_AND_COMPLIANCE_REVIEW;FORBIDDEN
INST066_ART066_ATOM001;66;;NO_EXACT_LINK_IDENTIFIED;PENDING_LEGAL_AND_COMPLIANCE_REVIEW;FORBIDDEN
INST066_ART067_ATOM001;67;;NO_EXACT_LINK_IDENTIFIED;PENDING_LEGAL_AND_COMPLIANCE_REVIEW;FORBIDDEN
INST066_ART068_ATOM001;68;;NO_EXACT_LINK_IDENTIFIED;PENDING_LEGAL_AND_COMPLIANCE_REVIEW;FORBIDDEN
INST066_ART069_ATOM001;69;;NO_EXACT_LINK_IDENTIFIED;PENDING_LEGAL_AND_COMPLIANCE_REVIEW;FORBIDDEN
INST066_ART070_ATOM001;70;;NO_EXACT_LINK_IDENTIFIED;PENDING_LEGAL_AND_COMPLIANCE_REVIEW;FORBIDDEN
INST066_ART071_ATOM001;71;;NO_EXACT_LINK_IDENTIFIED;PENDING_LEGAL_AND_COMPLIANCE_REVIEW;FORBIDDEN
INST066_ART072_ATOM001;72;;NO_EXACT_LINK_IDENTIFIED;PENDING_LEGAL_AND_COMPLIANCE_REVIEW;FORBIDDEN
INST066_ART073_ATOM001;73;;NO_EXACT_LINK_IDENTIFIED;PENDING_LEGAL_AND_COMPLIANCE_REVIEW;FORBIDDEN
INST066_ART074_ATOM001;74;CIRC005_1_10_FCP_PARTS_CHARACTERISTICS;SUPPLEMENTS_OR_CONSTRAINS;PENDING_LEGAL_AND_COMPLIANCE_REVIEW;FORBIDDEN
INST066_ART074_ATOM001;74;CIRC005_5_2_TARGET_INVESTOR;SUPPLEMENTS_OR_CONSTRAINS;PENDING_LEGAL_AND_COMPLIANCE_REVIEW;FORBIDDEN
INST066_ART075_ATOM001;75;;NO_EXACT_LINK_IDENTIFIED;PENDING_LEGAL_AND_COMPLIANCE_REVIEW;FORBIDDEN
INST066_ART076_ATOM001;76;;NO_EXACT_LINK_IDENTIFIED;PENDING_LEGAL_AND_COMPLIANCE_REVIEW;FORBIDDEN
INST066_ART077_ATOM001;77;;NO_EXACT_LINK_IDENTIFIED;PENDING_LEGAL_AND_COMPLIANCE_REVIEW;FORBIDDEN
INST066_ART078_ATOM001;78;;NO_EXACT_LINK_IDENTIFIED;PENDING_LEGAL_AND_COMPLIANCE_REVIEW;FORBIDDEN
INST066_ART079_ATOM001;79;;NO_EXACT_LINK_IDENTIFIED;PENDING_LEGAL_AND_COMPLIANCE_REVIEW;FORBIDDEN
INST066_ART080_ATOM001;80;;NO_EXACT_LINK_IDENTIFIED;PENDING_LEGAL_AND_COMPLIANCE_REVIEW;FORBIDDEN
INST066_ART081_ATOM001;81;;NO_EXACT_LINK_IDENTIFIED;PENDING_LEGAL_AND_COMPLIANCE_REVIEW;FORBIDDEN
INST066_ART082_ATOM001;82;;NO_EXACT_LINK_IDENTIFIED;PENDING_LEGAL_AND_COMPLIANCE_REVIEW;FORBIDDEN
INST066_ART083_ATOM001;83;;NO_EXACT_LINK_IDENTIFIED;PENDING_LEGAL_AND_COMPLIANCE_REVIEW;FORBIDDEN
INST066_ART084_ATOM001;84;;NO_EXACT_LINK_IDENTIFIED;PENDING_LEGAL_AND_COMPLIANCE_REVIEW;FORBIDDEN
INST066_ART085_ATOM001;85;;NO_EXACT_LINK_IDENTIFIED;PENDING_LEGAL_AND_COMPLIANCE_REVIEW;FORBIDDEN
INST066_ART086_ATOM001;86;;NO_EXACT_LINK_IDENTIFIED;PENDING_LEGAL_AND_COMPLIANCE_REVIEW;FORBIDDEN
INST066_ART087_ATOM001;87;CIRC005_1_13_FCP_REDEMPTION_REIMBURSEMENT;SUPPLEMENTS_OR_CONSTRAINS;PENDING_LEGAL_AND_COMPLIANCE_REVIEW;FORBIDDEN
INST066_ART087_ATOM001;87;CIRC005_1_13_FCP_SUSPENSION;SUPPLEMENTS_OR_CONSTRAINS;PENDING_LEGAL_AND_COMPLIANCE_REVIEW;FORBIDDEN
INST066_ART088_ATOM001;88;;NO_EXACT_LINK_IDENTIFIED;PENDING_LEGAL_AND_COMPLIANCE_REVIEW;FORBIDDEN
INST066_ART089_ATOM001;89;;NO_EXACT_LINK_IDENTIFIED;PENDING_LEGAL_AND_COMPLIANCE_REVIEW;FORBIDDEN
INST066_ART090_ATOM001;90;;NO_EXACT_LINK_IDENTIFIED;PENDING_LEGAL_AND_COMPLIANCE_REVIEW;FORBIDDEN
INST066_ART091_ATOM001;91;;NO_EXACT_LINK_IDENTIFIED;PENDING_LEGAL_AND_COMPLIANCE_REVIEW;FORBIDDEN
INST066_ART092_ATOM001;92;CIRC005_GENERAL_EFFECTIVE_DATE;SUPPLEMENTS_OR_CONSTRAINS;PENDING_LEGAL_AND_COMPLIANCE_REVIEW;FORBIDDEN
