inst066_requirement_id;article_number;circ005_requirement_id;relationship;canonical_fields;controls;review_status;activation
INST066_ART001_REQ001;1;CIRC005_GENERAL_SCOPE;SUPPLEMENTS_OR_CONSTRAINS;fund.regulatory_product_type|fund.legal_form|fund.vehicle_family;RULE_REGULATORY_PRODUCT_TYPE_REQUIRED|RULE_LEGAL_FORM_COMPATIBLE_WITH_PRODUCT_TYPE;PENDING_LEGAL_AND_COMPLIANCE_REVIEW;FORBIDDEN
INST066_ART001_REQ002;1;CIRC005_5_2_TARGET_INVESTOR;SUPPLEMENTS_OR_CONSTRAINS;target_investor.qualification|distribution.eligible_investor_categories[]|distribution.restrictions[];RULE_INVESTOR_QUALIFICATION_REQUIRED|RULE_MARKETING_SCOPE_MATCHES_INVESTOR_QUALIFICATION;PENDING_LEGAL_AND_COMPLIANCE_REVIEW;FORBIDDEN
INST066_ART001_REQ003;1;CIRC005_GENERAL_SCOPE;SUPPLEMENTS_OR_CONSTRAINS;documents.prospectus.status|documents.prospectus.available_from|distribution.marketing_start_date;RULE_PROSPECTUS_AVAILABLE_BEFORE_MARKETING|RULE_MARKETING_BLOCKED_WITHOUT_PROSPECTUS;PENDING_LEGAL_AND_COMPLIANCE_REVIEW;FORBIDDEN
INST066_ART001_REQ003;1;CIRC005_GENERAL_MINIMUM;SUPPLEMENTS_OR_CONSTRAINS;documents.prospectus.status|documents.prospectus.available_from|distribution.marketing_start_date;RULE_PROSPECTUS_AVAILABLE_BEFORE_MARKETING|RULE_MARKETING_BLOCKED_WITHOUT_PROSPECTUS;PENDING_LEGAL_AND_COMPLIANCE_REVIEW;FORBIDDEN
INST066_ART002_REQ001;2;CIRC005_GENERAL_SCOPE;SUPPLEMENTS_OR_CONSTRAINS;regulatory_context.jurisdiction|regulatory_context.pack_id|regulatory_approval.status;RULE_PACK_SCOPE_CONFIRMED|RULE_UMOA_APPROVAL_OR_REGISTRATION_EVIDENCED;PENDING_LEGAL_AND_COMPLIANCE_REVIEW;FORBIDDEN
INST066_ART002_REQ002;2;CIRC005_GENERAL_SCOPE;SUPPLEMENTS_OR_CONSTRAINS;cross_border.home_country|cross_border.umoa_authorization|cross_border.cooperation_agreement|cross_border.fx_clearance;RULE_THIRD_COUNTRY_AUTHORIZATION_COMPLETE|RULE_COOPERATION_AGREEMENT_EVIDENCED|RULE_FX_CLEARANCE_IF_REQUIRED;PENDING_LEGAL_AND_COMPLIANCE_REVIEW;FORBIDDEN
INST066_ART002_REQ002;2;CIRC005_4_OTHER_MARKETING_STATE_ARRANGEMENTS;SUPPLEMENTS_OR_CONSTRAINS;cross_border.home_country|cross_border.umoa_authorization|cross_border.cooperation_agreement|cross_border.fx_clearance;RULE_THIRD_COUNTRY_AUTHORIZATION_COMPLETE|RULE_COOPERATION_AGREEMENT_EVIDENCED|RULE_FX_CLEARANCE_IF_REQUIRED;PENDING_LEGAL_AND_COMPLIANCE_REVIEW;FORBIDDEN
INST066_ART002_REQ003;2;;NO_EXACT_LINK_IDENTIFIED;fund.legal_form|regulatory_context.exclusion_reason;RULE_INSTRUCTION_66_SCOPE_EXCLUSION_BLOCK;PENDING_LEGAL_AND_COMPLIANCE_REVIEW;FORBIDDEN
INST066_ART003_REQ001;3;CIRC005_GENERAL_SCOPE;SUPPLEMENTS_OR_CONSTRAINS;fund.regulatory_product_type|fund.legal_form|fund.has_legal_personality;RULE_PRODUCT_TYPE_LEGAL_FORM_MATRIX|RULE_CONSTITUTIVE_DOCUMENT_TYPE_MATCHES_LEGAL_FORM;PENDING_LEGAL_AND_COMPLIANCE_REVIEW;FORBIDDEN
INST066_ART004_REQ001;4;CIRC005_1_3_SGO_OTHER_FUNDS;SUPPLEMENTS_OR_CONSTRAINS;manager.approval_reference|manager.approval_category|manager.approval_status;RULE_MANAGER_APPROVAL_EVIDENCE_REQUIRED|RULE_MANAGER_CATEGORY_RECORDED;PENDING_LEGAL_AND_COMPLIANCE_REVIEW;FORBIDDEN
INST066_ART004_REQ002;4;CIRC005_1_3_SGO_OTHER_FUNDS;SUPPLEMENTS_OR_CONSTRAINS;manager.approval_category|manager.authorized_product_types[]|manager.managed_funds[];RULE_MANAGER_PRODUCT_SCOPE_CONSISTENCY;PENDING_LEGAL_AND_COMPLIANCE_REVIEW;FORBIDDEN
INST066_ART004_REQ003;4;CIRC005_1_8_A_SGO_GOVERNANCE_MEMBERS;SUPPLEMENTS_OR_CONSTRAINS;manager.functions[]|manager.governance_members[]|manager.risk_management_function;RULE_MANAGER_CORE_FUNCTIONS_IDENTIFIED;PENDING_LEGAL_AND_COMPLIANCE_REVIEW;FORBIDDEN
INST066_ART004_REQ004;4;CIRC005_1_8_B_SGO_EXTERNAL_ACTIVITIES;SUPPLEMENTS_OR_CONSTRAINS;manager.external_activities[]|manager.complementary_activities[]|manager.activity_program_reference;RULE_MANAGER_ACTIVITIES_WITHIN_APPROVED_SCOPE;PENDING_LEGAL_AND_COMPLIANCE_REVIEW;FORBIDDEN
INST066_ART005_REQ001;5;;NO_EXACT_LINK_IDENTIFIED;manager.legal_form|manager.share_capital|manager.additional_capital_requirements|manager.capital_currency;RULE_MANAGER_CAPITAL_SOURCE_REVIEW_REQUIRED;PENDING_LEGAL_AND_COMPLIANCE_REVIEW;FORBIDDEN
INST066_ART005_REQ002;5;CIRC005_1_8_A_SGO_GOVERNANCE_MEMBERS;SUPPLEMENTS_OR_CONSTRAINS;manager.governance_members[]|manager.registered_office|manager.central_administration|manager.close_links[]|manager.organization_structure;RULE_MANAGER_GOVERNANCE_EVIDENCE_REQUIRED|RULE_MANAGER_OFFICE_AND_CENTRAL_ADMIN_RECORDED;PENDING_LEGAL_AND_COMPLIANCE_REVIEW;FORBIDDEN
INST066_ART014_REQ001;14;;NO_EXACT_LINK_IDENTIFIED;manager.delegations[]|manager.delegations[].function|manager.delegations[].delegate;RULE_DELEGATED_FUNCTIONS_DISCLOSED|RULE_DELEGATE_IDENTITY_REQUIRED;PENDING_LEGAL_AND_COMPLIANCE_REVIEW;FORBIDDEN
INST066_ART014_REQ002;14;;NO_EXACT_LINK_IDENTIFIED;manager.delegations[].function|manager.delegations[].prohibited;RULE_PROHIBITED_DELEGATION_FUNCTIONS;PENDING_LEGAL_AND_COMPLIANCE_REVIEW;FORBIDDEN
INST066_ART017_REQ001;17;CIRC005_GENERAL_SCOPE;SUPPLEMENTS_OR_CONSTRAINS;regulatory_approval.application_documents[]|documents.prospectus.status;RULE_APPROVAL_DOSSIER_DOCUMENTS_COMPLETE;PENDING_LEGAL_AND_COMPLIANCE_REVIEW;FORBIDDEN
INST066_ART017_REQ001;17;CIRC005_GENERAL_MINIMUM;SUPPLEMENTS_OR_CONSTRAINS;regulatory_approval.application_documents[]|documents.prospectus.status;RULE_APPROVAL_DOSSIER_DOCUMENTS_COMPLETE;PENDING_LEGAL_AND_COMPLIANCE_REVIEW;FORBIDDEN
INST066_ART017_REQ002;17;CIRC005_2_1_DEPOSITARY_IDENTITY;SUPPLEMENTS_OR_CONSTRAINS;depositary.organization_id|depositary.approval_reference|depositary.agreement_reference;RULE_DEPOSITARY_REQUIRED|RULE_DEPOSITARY_EVIDENCE_REQUIRED;PENDING_LEGAL_AND_COMPLIANCE_REVIEW;FORBIDDEN
INST066_ART018_REQ001;18;CIRC005_1_15_FCP_INVESTMENT_OBJECTIVES_POLICY;SUPPLEMENTS_OR_CONSTRAINS;fund.category|investment_policy.asset_class_ranges[]|regulatory_classification;RULE_CLASSIFICATION_CONSISTENCY|RULE_ASSET_RANGE_VALIDITY;PENDING_LEGAL_AND_COMPLIANCE_REVIEW;FORBIDDEN
INST066_ART018_REQ001;18;CIRC005_1_15_D_FCP_POLICY_LIMITS;SUPPLEMENTS_OR_CONSTRAINS;fund.category|investment_policy.asset_class_ranges[]|regulatory_classification;RULE_CLASSIFICATION_CONSISTENCY|RULE_ASSET_RANGE_VALIDITY;PENDING_LEGAL_AND_COMPLIANCE_REVIEW;FORBIDDEN
INST066_ART018_REQ002;18;CIRC005_1_15_A_FCP_FINANCIAL_OBJECTIVES;SUPPLEMENTS_OR_CONSTRAINS;capital_protection.guaranteed|capital_protection.mechanism|capital_protection.guarantor;RULE_GUARANTEE_WORDING_CONSISTENCY|RULE_GUARANTOR_EVIDENCE_REQUIRED;PENDING_LEGAL_AND_COMPLIANCE_REVIEW;FORBIDDEN
INST066_ART020_REQ001;20;CIRC005_2_1_DEPOSITARY_IDENTITY;SUPPLEMENTS_OR_CONSTRAINS;depositary.organization_id|depositary.is_sole_depositary|depositary.appointment_date;RULE_DEPOSITARY_REQUIRED|RULE_SINGLE_DEPOSITARY_PER_FUND;PENDING_LEGAL_AND_COMPLIANCE_REVIEW;FORBIDDEN
INST066_ART020_REQ002;20;CIRC005_2_1_DEPOSITARY_IDENTITY;SUPPLEMENTS_OR_CONSTRAINS;depositary.agreement_reference|depositary.agreement_date|depositary.information_flows[];RULE_DEPOSITARY_WRITTEN_AGREEMENT_REQUIRED|RULE_DEPOSITARY_INFORMATION_FLOWS_DOCUMENTED;PENDING_LEGAL_AND_COMPLIANCE_REVIEW;FORBIDDEN
INST066_ART020_REQ003;20;CIRC005_2_1_DEPOSITARY_IDENTITY;SUPPLEMENTS_OR_CONSTRAINS;depositary.entity_type|depositary.approval_reference|depositary.registered_office.country|depositary.prudential_status;RULE_DEPOSITARY_ELIGIBILITY|RULE_DEPOSITARY_ESTABLISHMENT_LOCATION;PENDING_LEGAL_AND_COMPLIANCE_REVIEW;FORBIDDEN
INST066_ART020_REQ003;20;CIRC005_2_2_DEPOSITARY_MAIN_ACTIVITY;SUPPLEMENTS_OR_CONSTRAINS;depositary.entity_type|depositary.approval_reference|depositary.registered_office.country|depositary.prudential_status;RULE_DEPOSITARY_ELIGIBILITY|RULE_DEPOSITARY_ESTABLISHMENT_LOCATION;PENDING_LEGAL_AND_COMPLIANCE_REVIEW;FORBIDDEN
INST066_ART020_REQ004;20;CIRC005_2_1_DEPOSITARY_IDENTITY;SUPPLEMENTS_OR_CONSTRAINS;depositary.conflicts[]|depositary.is_manager|depositary.is_prime_broker|depositary.functional_separation|depositary.conflict_disclosure;RULE_MANAGER_CANNOT_BE_DEPOSITARY|RULE_PRIME_BROKER_SEPARATION_AND_DISCLOSURE;PENDING_LEGAL_AND_COMPLIANCE_REVIEW;FORBIDDEN
INST066_ART020_REQ005;20;CIRC005_2_1_DEPOSITARY_IDENTITY;SUPPLEMENTS_OR_CONSTRAINS;depositary.third_country|depositary.cooperation_agreement|depositary.prudential_equivalence|depositary.fatf_status|depositary.tax_information_exchange|depositary.contractual_liability;RULE_THIRD_COUNTRY_DEPOSITARY_CONDITIONS_COMPLETE|RULE_NON_COOPERATIVE_JURISDICTION_BLOCK;PENDING_LEGAL_AND_COMPLIANCE_REVIEW;FORBIDDEN
INST066_ART020_REQ005;20;CIRC005_4_OTHER_MARKETING_STATE_ARRANGEMENTS;SUPPLEMENTS_OR_CONSTRAINS;depositary.third_country|depositary.cooperation_agreement|depositary.prudential_equivalence|depositary.fatf_status|depositary.tax_information_exchange|depositary.contractual_liability;RULE_THIRD_COUNTRY_DEPOSITARY_CONDITIONS_COMPLETE|RULE_NON_COOPERATIVE_JURISDICTION_BLOCK;PENDING_LEGAL_AND_COMPLIANCE_REVIEW;FORBIDDEN
INST066_ART021_REQ001;21;CIRC005_2_2_DEPOSITARY_MAIN_ACTIVITY;SUPPLEMENTS_OR_CONSTRAINS;depositary.cash_monitoring|cash_accounts[]|subscriptions.cash_reconciliation;RULE_SUBSCRIPTION_CASH_RECEIPT_RECONCILED|RULE_FUND_CASH_ACCOUNTS_IDENTIFIED;PENDING_LEGAL_AND_COMPLIANCE_REVIEW;FORBIDDEN
INST066_ART021_REQ002;21;CIRC005_2_2_DEPOSITARY_MAIN_ACTIVITY;SUPPLEMENTS_OR_CONSTRAINS;depositary.custody_accounts[]|depositary.asset_segregation|portfolio.custodiable_assets[];RULE_CUSTODY_ACCOUNT_SEGREGATION|RULE_CUSTODIABLE_ASSETS_IDENTIFIABLE;PENDING_LEGAL_AND_COMPLIANCE_REVIEW;FORBIDDEN
INST066_ART021_REQ003;21;CIRC005_2_2_DEPOSITARY_MAIN_ACTIVITY;SUPPLEMENTS_OR_CONSTRAINS;depositary.ownership_verification|depositary.non_custody_asset_register|portfolio.non_custodiable_assets[];RULE_NON_CUSTODY_ASSET_OWNERSHIP_VERIFIED|RULE_NON_CUSTODY_ASSET_REGISTER_CURRENT;PENDING_LEGAL_AND_COMPLIANCE_REVIEW;FORBIDDEN
INST066_ART021_REQ004;21;CIRC005_1_13_FCP_REDEMPTION_REIMBURSEMENT;SUPPLEMENTS_OR_CONSTRAINS;depositary.oversight_controls[]|pricing.nav.calculation_method|subscriptions|redemption|income.allocation_policy;RULE_DEPOSITARY_OPERATION_OVERSIGHT_COMPLETE|RULE_DEPOSITARY_NAV_CONTROL|RULE_DEPOSITARY_INCOME_ALLOCATION_CONTROL;PENDING_LEGAL_AND_COMPLIANCE_REVIEW;FORBIDDEN
INST066_ART021_REQ004;21;CIRC005_1_14_FCP_INCOME_ALLOCATION;SUPPLEMENTS_OR_CONSTRAINS;depositary.oversight_controls[]|pricing.nav.calculation_method|subscriptions|redemption|income.allocation_policy;RULE_DEPOSITARY_OPERATION_OVERSIGHT_COMPLETE|RULE_DEPOSITARY_NAV_CONTROL|RULE_DEPOSITARY_INCOME_ALLOCATION_CONTROL;PENDING_LEGAL_AND_COMPLIANCE_REVIEW;FORBIDDEN
INST066_ART021_REQ004;21;CIRC005_1_17_A_FCP_PRICE_METHOD_FREQUENCY;SUPPLEMENTS_OR_CONSTRAINS;depositary.oversight_controls[]|pricing.nav.calculation_method|subscriptions|redemption|income.allocation_policy;RULE_DEPOSITARY_OPERATION_OVERSIGHT_COMPLETE|RULE_DEPOSITARY_NAV_CONTROL|RULE_DEPOSITARY_INCOME_ALLOCATION_CONTROL;PENDING_LEGAL_AND_COMPLIANCE_REVIEW;FORBIDDEN
INST066_ART021_REQ005;21;;NO_EXACT_LINK_IDENTIFIED;depositary.liability_management_delegated|depositary.aml_cft_controls|depositary.agreement_reference;RULE_AML_CONTROLS_IF_LIABILITY_MANAGEMENT_DELEGATED|RULE_AML_SCOPE_IN_DEPOSITARY_AGREEMENT;PENDING_LEGAL_AND_COMPLIANCE_REVIEW;FORBIDDEN
INST066_ART021_REQ006;21;CIRC005_2_1_DEPOSITARY_IDENTITY;SUPPLEMENTS_OR_CONSTRAINS;depositary.custody_delegations[]|depositary.custody_delegations[].objective_reason|depositary.custody_delegations[].insolvency_protection;RULE_CUSTODY_DELEGATION_SCOPE|RULE_CUSTODY_DELEGATION_OBJECTIVE_REASON|RULE_CUSTODIED_ASSETS_INSOLVENCY_PROTECTED;PENDING_LEGAL_AND_COMPLIANCE_REVIEW;FORBIDDEN
INST066_ART027_REQ001;27;CIRC005_GENERAL_MINIMUM;SUPPLEMENTS_OR_CONSTRAINS;document_manifest.sections|risks[]|target_investor;RULE_ALL_APPLICABLE_REQUIREMENTS_HAVE_COVERAGE|RULE_RISK_DISCLOSURE_COMPLETE;PENDING_LEGAL_AND_COMPLIANCE_REVIEW;FORBIDDEN
INST066_ART027_REQ002;27;CIRC005_1_4_FCP_REGULATION_AVAILABILITY;SUPPLEMENTS_OR_CONSTRAINS;documents.prospectus.availability|documents.prospectus.delivery_timing|subscriptions.information_channels;RULE_PROSPECTUS_AVAILABLE_BEFORE_SUBSCRIPTION;PENDING_LEGAL_AND_COMPLIANCE_REVIEW;FORBIDDEN
INST066_ART028_REQ001;28;CIRC005_GENERAL_MINIMUM;SUPPLEMENTS_OR_CONSTRAINS;regulatory_coverage.requirements|document_manifest.section_order|concordance;RULE_ALL_APPLICABLE_REQUIREMENTS_HAVE_COVERAGE|RULE_PROSPECTUS_CONCORDANCE_COMPLETE;PENDING_LEGAL_AND_COMPLIANCE_REVIEW;FORBIDDEN
INST066_ART028_REQ001;28;CIRC005_GENERAL_ORDER;SUPPLEMENTS_OR_CONSTRAINS;regulatory_coverage.requirements|document_manifest.section_order|concordance;RULE_ALL_APPLICABLE_REQUIREMENTS_HAVE_COVERAGE|RULE_PROSPECTUS_CONCORDANCE_COMPLETE;PENDING_LEGAL_AND_COMPLIANCE_REVIEW;FORBIDDEN
INST066_ART028_REQ002;28;CIRC005_1_4_FCP_REGULATION_AVAILABILITY;SUPPLEMENTS_OR_CONSTRAINS;documents.attachments[]|regulatory_coverage.requirements[].location;RULE_CROSS_REFERENCE_TARGET_EXISTS|RULE_DOCUMENT_LOCATION_REQUIRED_IF_NOT_ATTACHED;PENDING_LEGAL_AND_COMPLIANCE_REVIEW;FORBIDDEN
INST066_ART028_REQ003;28;;NO_EXACT_LINK_IDENTIFIED;manager.remuneration_policy.summary|manager.remuneration_policy.location;RULE_REMUNERATION_POLICY_DISCLOSURE_COMPLETE;PENDING_LEGAL_AND_COMPLIANCE_REVIEW;FORBIDDEN
INST066_ART028_REQ004;28;CIRC005_GENERAL_SCOPE;SUPPLEMENTS_OR_CONSTRAINS;documents.prospectus.approval_status|documents.prospectus.approval_reference|distribution.marketing_start_date;RULE_MARKETING_BLOCKED_PENDING_PROSPECTUS_APPROVAL;PENDING_LEGAL_AND_COMPLIANCE_REVIEW;FORBIDDEN
INST066_ART029_REQ001;29;CIRC005_1_15_D_FCP_POLICY_LIMITS;SUPPLEMENTS_OR_CONSTRAINS;investment_policy.asset_class_ranges[]|investment_policy.issuer_limits|investment_policy.market_limits;RULE_ASSET_RANGE_VALIDITY|RULE_SUM_MINIMUMS_POSSIBLE;PENDING_LEGAL_AND_COMPLIANCE_REVIEW;FORBIDDEN
INST066_ART029_REQ002;29;CIRC005_1_15_E_FCP_TECHNIQUES_INSTRUMENTS;SUPPLEMENTS_OR_CONSTRAINS;investment_policy.techniques[]|investment_policy.instruments[]|investment_policy.derivatives[]|risks[];RULE_TECHNIQUE_DISCLOSURE_COMPLETE|RULE_DERIVATIVE_RISKS_DISCLOSED;PENDING_LEGAL_AND_COMPLIANCE_REVIEW;FORBIDDEN
INST066_ART029_REQ003;29;CIRC005_1_15_A_FCP_FINANCIAL_OBJECTIVES;SUPPLEMENTS_OR_CONSTRAINS;investment.objective.benchmark_usage|investment.benchmark|investment.tracking_method|risks[];RULE_INDEX_DETAILS_REQUIRED|RULE_TRACKING_RISK_DISCLOSED;PENDING_LEGAL_AND_COMPLIANCE_REVIEW;FORBIDDEN
INST066_ART029_REQ003;29;CIRC005_1_15_B_FCP_PLACEMENT_POLICY;SUPPLEMENTS_OR_CONSTRAINS;investment.objective.benchmark_usage|investment.benchmark|investment.tracking_method|risks[];RULE_INDEX_DETAILS_REQUIRED|RULE_TRACKING_RISK_DISCLOSED;PENDING_LEGAL_AND_COMPLIANCE_REVIEW;FORBIDDEN
INST066_ART029_REQ004;29;CIRC005_5_2_TARGET_INVESTOR;SUPPLEMENTS_OR_CONSTRAINS;risks[]|risk_profile.high_nav_volatility;RULE_HIGH_VOLATILITY_WARNING_IF_APPLICABLE;PENDING_LEGAL_AND_COMPLIANCE_REVIEW;FORBIDDEN
INST066_ART030_REQ001;30;CIRC005_GENERAL_MINIMUM;SUPPLEMENTS_OR_CONSTRAINS;document_versions[]|document_change_log[]|documents.prospectus.updated_at;RULE_CHANGE_IMPACT_ASSESSMENT_COMPLETE|RULE_PROSPECTUS_VERSION_INCREMENTED;PENDING_LEGAL_AND_COMPLIANCE_REVIEW;FORBIDDEN
INST066_ART030_REQ002;30;;NO_EXACT_LINK_IDENTIFIED;document_versions[].approval_status|document_versions[].approval_reference|holder_information;RULE_UPDATED_PROSPECTUS_NOT_PUBLISHED_BEFORE_REQUIRED_APPROVAL;PENDING_LEGAL_AND_COMPLIANCE_REVIEW;FORBIDDEN
INST066_ART032_REQ001;32;;NO_EXACT_LINK_IDENTIFIED;marketing_materials[]|marketing_materials[].prospectus_version;RULE_MARKETING_PROSPECTUS_CONSISTENCY;PENDING_LEGAL_AND_COMPLIANCE_REVIEW;FORBIDDEN
INST066_ART032_REQ002;32;CIRC005_1_4_FCP_REGULATION_AVAILABILITY;SUPPLEMENTS_OR_CONSTRAINS;documents.prospectus.availability|marketing_materials[].document_location;RULE_MARKETING_DOCUMENT_LOCATION_REQUIRED;PENDING_LEGAL_AND_COMPLIANCE_REVIEW;FORBIDDEN
INST066_ART033_REQ001;33;;NO_EXACT_LINK_IDENTIFIED;documents.dici.sections|documents.dici.version;RULE_DICI_MINIMUM_CONTENT_COMPLETE;PENDING_LEGAL_AND_COMPLIANCE_REVIEW;FORBIDDEN
INST066_ART034_REQ001;34;;NO_EXACT_LINK_IDENTIFIED;documents.dici.availability|documents.dici.delivery_timing;RULE_DICI_AVAILABLE_BEFORE_SUBSCRIPTION;PENDING_LEGAL_AND_COMPLIANCE_REVIEW;FORBIDDEN
INST066_ART035_REQ001;35;;NO_EXACT_LINK_IDENTIFIED;documents.dici.updated_at|documents.dici.change_log[];RULE_DICI_UPDATE_ASSESSMENT_COMPLETE;PENDING_LEGAL_AND_COMPLIANCE_REVIEW;FORBIDDEN
INST066_ART036_REQ001;36;;NO_EXACT_LINK_IDENTIFIED;regulatory_reporting.main_markets[]|regulatory_reporting.main_instruments[]|portfolio.trading_venues[];RULE_MAIN_MARKETS_AND_INSTRUMENTS_REPORTED;PENDING_LEGAL_AND_COMPLIANCE_REVIEW;FORBIDDEN
INST066_ART036_REQ002;36;CIRC005_1_15_D_FCP_POLICY_LIMITS;SUPPLEMENTS_OR_CONSTRAINS;risk.exposures[]|risk.concentrations[]|regulatory_reporting.reference_date;RULE_MAJOR_EXPOSURES_REPORTED|RULE_MAJOR_CONCENTRATIONS_REPORTED;PENDING_LEGAL_AND_COMPLIANCE_REVIEW;FORBIDDEN
INST066_ART036_REQ003;36;;NO_EXACT_LINK_IDENTIFIED;regulatory_reporting.ad_hoc_requests[]|regulatory_reporting.systemic_risk_data;RULE_AD_HOC_REGULATORY_REQUEST_TRACKED|RULE_ADDITIONAL_REPORTING_EVIDENCED;PENDING_LEGAL_AND_COMPLIANCE_REVIEW;FORBIDDEN
INST066_ART037_REQ001;37;CIRC005_1_4_FCP_PERIODIC_REPORTS_AVAILABILITY;SUPPLEMENTS_OR_CONSTRAINS;periodic_reporting.annual|periodic_reporting.semiannual|periodic_reporting.quarterly|documents.periodic_reports.locations;RULE_PERIODIC_REPORTING_CALENDAR_COMPLETE|RULE_PERIODIC_REPORTS_AVAILABLE_TO_INVESTORS;PENDING_LEGAL_AND_COMPLIANCE_REVIEW;FORBIDDEN
INST066_ART037_REQ002;37;CIRC005_5_2_TARGET_INVESTOR;SUPPLEMENTS_OR_CONSTRAINS;target_investor.qualification|distribution.eligible_investor_categories[]|periodic_reporting.quarterly.exemption;RULE_FIA_QUARTERLY_EXEMPTION_ONLY_IF_QUALIFIED_INVESTORS|RULE_MARKETING_SCOPE_SUPPORTS_REPORTING_EXEMPTION;PENDING_LEGAL_AND_COMPLIANCE_REVIEW;FORBIDDEN
INST066_ART037_REQ003;37;CIRC005_1_4_FCP_PERIODIC_REPORTS_AVAILABILITY;SUPPLEMENTS_OR_CONSTRAINS;periodic_reporting.annual.deadline|periodic_reporting.annual.documents[]|accounting.financial_year_end;RULE_ANNUAL_REPORTING_DEADLINE|RULE_ANNUAL_REPORTING_DOCUMENT_SET_COMPLETE|RULE_ANNUAL_FINANCIAL_STATEMENTS_CERTIFIED;PENDING_LEGAL_AND_COMPLIANCE_REVIEW;FORBIDDEN
INST066_ART037_REQ003;37;CIRC005_1_6_FCP_ACCOUNT_CLOSING_DATE;SUPPLEMENTS_OR_CONSTRAINS;periodic_reporting.annual.deadline|periodic_reporting.annual.documents[]|accounting.financial_year_end;RULE_ANNUAL_REPORTING_DEADLINE|RULE_ANNUAL_REPORTING_DOCUMENT_SET_COMPLETE|RULE_ANNUAL_FINANCIAL_STATEMENTS_CERTIFIED;PENDING_LEGAL_AND_COMPLIANCE_REVIEW;FORBIDDEN
INST066_ART037_REQ003;37;CIRC005_1_7_FCP_ACCOUNTING_CONTROL_PERSONS;SUPPLEMENTS_OR_CONSTRAINS;periodic_reporting.annual.deadline|periodic_reporting.annual.documents[]|accounting.financial_year_end;RULE_ANNUAL_REPORTING_DEADLINE|RULE_ANNUAL_REPORTING_DOCUMENT_SET_COMPLETE|RULE_ANNUAL_FINANCIAL_STATEMENTS_CERTIFIED;PENDING_LEGAL_AND_COMPLIANCE_REVIEW;FORBIDDEN
INST066_ART037_REQ004;37;CIRC005_1_4_FCP_PERIODIC_REPORTS_AVAILABILITY;SUPPLEMENTS_OR_CONSTRAINS;periodic_reporting.semiannual.deadline|periodic_reporting.semiannual.report;RULE_SEMIANNUAL_REPORTING_DEADLINE|RULE_SEMIANNUAL_REPORT_PRESENT;PENDING_LEGAL_AND_COMPLIANCE_REVIEW;FORBIDDEN
INST066_ART037_REQ005;37;;NO_EXACT_LINK_IDENTIFIED;periodic_reporting.quarterly.deadline|periodic_reporting.quarterly.financial_statements|periodic_reporting.quarterly.certified_assets|complaints.statistics;RULE_QUARTERLY_REPORTING_DEADLINE|RULE_QUARTERLY_ASSET_COMPOSITION_CERTIFIED|RULE_COMPLAINTS_REPORTING_COMPLETE;PENDING_LEGAL_AND_COMPLIANCE_REVIEW;FORBIDDEN
INST066_ART037_REQ006;37;CIRC005_1_7_FCP_ACCOUNTING_CONTROL_PERSONS;SUPPLEMENTS_OR_CONSTRAINS;manager.periodic_reporting.annual|manager.periodic_reporting.semiannual|manager.periodic_reporting.quarterly|manager.governance_minutes[];RULE_MANAGER_ANNUAL_REPORTING_COMPLETE|RULE_MANAGER_SEMIANNUAL_REPORTING_COMPLETE|RULE_MANAGER_QUARTERLY_REPORTING_COMPLETE;PENDING_LEGAL_AND_COMPLIANCE_REVIEW;FORBIDDEN
INST066_ART038_REQ001;38;CIRC005_1_10_FCP_PARTS_CHARACTERISTICS;SUPPLEMENTS_OR_CONSTRAINS;compartments[]|share_classes[];RULE_AT_LEAST_ONE_SHARE_CLASS|RULE_SHARE_CLASS_RIGHTS_COMPLETE|RULE_COMPARTMENT_CLASS_CONSISTENCY;PENDING_LEGAL_AND_COMPLIANCE_REVIEW;FORBIDDEN
INST066_ART043_REQ001;43;CIRC005_1_18_FCP_REMUNERATION_REIMBURSEMENT;SUPPLEMENTS_OR_CONSTRAINS;fees.underlying_funds|fees.maximum_aggregate_management_rate;RULE_FUND_OF_FUNDS_MAXIMUM_FEES_DISCLOSED;PENDING_LEGAL_AND_COMPLIANCE_REVIEW;FORBIDDEN
INST066_ART047_REQ001;47;CIRC005_1_13_FCP_REDEMPTION_REIMBURSEMENT;SUPPLEMENTS_OR_CONSTRAINS;redemption.request_channels|redemption.cutoff|redemption.execution_nav|redemption.settlement_days;RULE_REDEMPTION_PROCESS_COMPLETE;PENDING_LEGAL_AND_COMPLIANCE_REVIEW;FORBIDDEN
INST066_ART047_REQ002;47;CIRC005_1_13_FCP_SUSPENSION;SUPPLEMENTS_OR_CONSTRAINS;redemption.suspension.allowed|redemption.suspension.circumstances|redemption.suspension.decision_authority|redemption.suspension.notification|redemption.suspension.resumption_conditions;RULE_SUSPENSION_CIRCUMSTANCES_REQUIRED;PENDING_LEGAL_AND_COMPLIANCE_REVIEW;FORBIDDEN
INST066_ART048_REQ001;48;CIRC005_1_16_FCP_ASSET_VALUATION;SUPPLEMENTS_OR_CONSTRAINS;valuation.methods[]|valuation.price_hierarchy|valuation.exception_process;RULE_VALUATION_METHOD_PER_USED_ASSET|RULE_FALLBACK_METHOD_REQUIRED;PENDING_LEGAL_AND_COMPLIANCE_REVIEW;FORBIDDEN
INST066_ART048_REQ002;48;CIRC005_1_17_FCP_PRICE_DETERMINATION;SUPPLEMENTS_OR_CONSTRAINS;pricing.nav.calculation_method|pricing.nav.frequency|pricing.issue_price.formula|pricing.redemption_price.formula;RULE_PRICE_FORMULA_COMPLETE|RULE_NAV_FREQUENCY_COMPLETE;PENDING_LEGAL_AND_COMPLIANCE_REVIEW;FORBIDDEN
INST066_ART048_REQ002;48;CIRC005_1_17_A_FCP_PRICE_METHOD_FREQUENCY;SUPPLEMENTS_OR_CONSTRAINS;pricing.nav.calculation_method|pricing.nav.frequency|pricing.issue_price.formula|pricing.redemption_price.formula;RULE_PRICE_FORMULA_COMPLETE|RULE_NAV_FREQUENCY_COMPLETE;PENDING_LEGAL_AND_COMPLIANCE_REVIEW;FORBIDDEN
INST066_ART049_REQ001;49;CIRC005_1_14_FCP_INCOME_ALLOCATION;SUPPLEMENTS_OR_CONSTRAINS;income.allocation_policy|income.capitalization_policy|income.distribution_policy|share_classes[].income_policy;RULE_INCOME_POLICY_SHARE_CLASS_CONSISTENCY;PENDING_LEGAL_AND_COMPLIANCE_REVIEW;FORBIDDEN
INST066_ART049_REQ001;49;CIRC005_1_6_FCP_DISTRIBUTION_DATES;SUPPLEMENTS_OR_CONSTRAINS;income.allocation_policy|income.capitalization_policy|income.distribution_policy|share_classes[].income_policy;RULE_INCOME_POLICY_SHARE_CLASS_CONSISTENCY;PENDING_LEGAL_AND_COMPLIANCE_REVIEW;FORBIDDEN
INST066_ART053_REQ001;53;CIRC005_1_18_FCP_REMUNERATION_REIMBURSEMENT;SUPPLEMENTS_OR_CONSTRAINS;remunerations[]|expense_reimbursements[]|fees.transaction[]|other_expenses[];RULE_REMUNERATION_AND_REIMBURSEMENT_CLASSIFIED|RULE_FEE_BASIS_BENEFICIARY_PAYER_COMPLETE;PENDING_LEGAL_AND_COMPLIANCE_REVIEW;FORBIDDEN
INST066_ART053_REQ001;53;CIRC005_1_17_B_FCP_TRANSACTION_FEES;SUPPLEMENTS_OR_CONSTRAINS;remunerations[]|expense_reimbursements[]|fees.transaction[]|other_expenses[];RULE_REMUNERATION_AND_REIMBURSEMENT_CLASSIFIED|RULE_FEE_BASIS_BENEFICIARY_PAYER_COMPLETE;PENDING_LEGAL_AND_COMPLIANCE_REVIEW;FORBIDDEN
INST066_ART053_REQ001;53;CIRC005_5_4_OTHER_EXPENSES_FUND_ASSETS;SUPPLEMENTS_OR_CONSTRAINS;remunerations[]|expense_reimbursements[]|fees.transaction[]|other_expenses[];RULE_REMUNERATION_AND_REIMBURSEMENT_CLASSIFIED|RULE_FEE_BASIS_BENEFICIARY_PAYER_COMPLETE;PENDING_LEGAL_AND_COMPLIANCE_REVIEW;FORBIDDEN
INST066_ART053_REQ001;53;CIRC005_5_4_OTHER_EXPENSES_HOLDER;SUPPLEMENTS_OR_CONSTRAINS;remunerations[]|expense_reimbursements[]|fees.transaction[]|other_expenses[];RULE_REMUNERATION_AND_REIMBURSEMENT_CLASSIFIED|RULE_FEE_BASIS_BENEFICIARY_PAYER_COMPLETE;PENDING_LEGAL_AND_COMPLIANCE_REVIEW;FORBIDDEN
INST066_ART054_REQ001;54;;NO_EXACT_LINK_IDENTIFIED;corporate_actions[].type|corporate_actions[].merger_technique|corporate_actions[].absorbed_funds[]|corporate_actions[].absorbing_fund|corporate_actions[].cash_payment_percent;RULE_MERGER_TECHNIQUE_CLASSIFIED|RULE_MERGER_CASH_PAYMENT_LIMIT;PENDING_LEGAL_AND_COMPLIANCE_REVIEW;FORBIDDEN
INST066_ART055_REQ001;55;CIRC005_GENERAL_MINIMUM;SUPPLEMENTS_OR_CONSTRAINS;corporate_actions[].authorization|corporate_actions[].documents[]|documents.prospectus.versions[]|documents.dici.versions[];RULE_MERGER_PRIOR_AUTHORIZATION|RULE_MERGER_AUTHORIZATION_DOSSIER_COMPLETE;PENDING_LEGAL_AND_COMPLIANCE_REVIEW;FORBIDDEN
INST066_ART056_REQ001;56;;NO_EXACT_LINK_IDENTIFIED;corporate_actions[].rationale|corporate_actions[].holder_impact|corporate_actions[].valuation_criteria|corporate_actions[].exchange_ratio_method|corporate_actions[].planned_effective_date|corporate_actions[].asset_transfer_rules|corporate_actions[].unit_exchange_rules;RULE_COMMON_MERGER_PLAN_COMPLETE;PENDING_LEGAL_AND_COMPLIANCE_REVIEW;FORBIDDEN
INST066_ART057_REQ001;57;CIRC005_2_1_DEPOSITARY_IDENTITY;SUPPLEMENTS_OR_CONSTRAINS;corporate_actions[].depositary_conformity_statements[]|depositary.organization_id;RULE_BOTH_DEPOSITARY_CONFORMITY_STATEMENTS_PRESENT|RULE_DEPOSITARY_CONFORMITY_SCOPE;PENDING_LEGAL_AND_COMPLIANCE_REVIEW;FORBIDDEN
INST066_ART058_REQ001;58;CIRC005_1_4_FCP_PERIODIC_REPORTS_AVAILABILITY;SUPPLEMENTS_OR_CONSTRAINS;corporate_actions[].auditor_reports[]|corporate_actions[].exchange_ratio|corporate_actions[].cash_payment|corporate_actions[].document_availability;RULE_MERGER_AUDITOR_REPORT_COMPLETE|RULE_MERGER_REPORT_FREE_ON_REQUEST;PENDING_LEGAL_AND_COMPLIANCE_REVIEW;FORBIDDEN
INST066_ART058_REQ001;58;CIRC005_1_7_FCP_ACCOUNTING_CONTROL_PERSONS;SUPPLEMENTS_OR_CONSTRAINS;corporate_actions[].auditor_reports[]|corporate_actions[].exchange_ratio|corporate_actions[].cash_payment|corporate_actions[].document_availability;RULE_MERGER_AUDITOR_REPORT_COMPLETE|RULE_MERGER_REPORT_FREE_ON_REQUEST;PENDING_LEGAL_AND_COMPLIANCE_REVIEW;FORBIDDEN
INST066_ART059_REQ001;59;CIRC005_1_4_FCP_PERIODIC_REPORTS_AVAILABILITY;SUPPLEMENTS_OR_CONSTRAINS;corporate_actions[].holder_information|corporate_actions[].notice_date|corporate_actions[].holder_rights|corporate_actions[].tax_impact_warning|corporate_actions[].planned_effective_date;RULE_MERGER_NOTICE_AFTER_AUTHORIZATION|RULE_MERGER_NOTICE_TIMING|RULE_MERGER_NOTICE_CONTENT_COMPLETE;PENDING_LEGAL_AND_COMPLIANCE_REVIEW;FORBIDDEN
INST066_ART060_REQ001;60;CIRC005_1_13_FCP_REDEMPTION_REIMBURSEMENT;SUPPLEMENTS_OR_CONSTRAINS;corporate_actions[].holder_exit_right|corporate_actions[].exit_right_deadline|corporate_actions[].permitted_disinvestment_costs|redemption;RULE_MERGER_EXIT_RIGHT_DISCLOSED|RULE_MERGER_EXIT_RIGHT_DEADLINE|RULE_NO_UNAUTHORIZED_MERGER_EXIT_FEE;PENDING_LEGAL_AND_COMPLIANCE_REVIEW;FORBIDDEN
INST066_ART060_REQ002;60;CIRC005_1_13_FCP_SUSPENSION;SUPPLEMENTS_OR_CONSTRAINS;corporate_actions[].temporary_suspension|redemption.suspension|subscriptions.suspension;RULE_MERGER_SUSPENSION_REGULATOR_AUTHORIZED|RULE_MERGER_SUSPENSION_HOLDER_PROTECTION_RATIONALE;PENDING_LEGAL_AND_COMPLIANCE_REVIEW;FORBIDDEN
INST066_ART061_REQ001;61;CIRC005_1_18_FCP_REMUNERATION_REIMBURSEMENT;SUPPLEMENTS_OR_CONSTRAINS;corporate_actions[].costs[]|corporate_actions[].cost_payer|fees.transaction;RULE_MERGER_COSTS_NOT_CHARGED_TO_FUNDS_OR_HOLDERS|RULE_MERGER_COST_EXCEPTION_REVIEW;PENDING_LEGAL_AND_COMPLIANCE_REVIEW;FORBIDDEN
INST066_ART062_REQ001;62;CIRC005_1_17_A_FCP_PRICE_METHOD_FREQUENCY;SUPPLEMENTS_OR_CONSTRAINS;corporate_actions[].authorization_date|corporate_actions[].effective_date|corporate_actions[].exchange_ratio|corporate_actions[].cash_payment_nav;RULE_MERGER_EFFECTIVE_DATE_AFTER_AUTHORIZATION|RULE_EXCHANGE_RATIO_CALCULATED_AT_EFFECTIVE_DATE|RULE_CASH_PAYMENT_NAV_MATCHES_MERGER_NAV;PENDING_LEGAL_AND_COMPLIANCE_REVIEW;FORBIDDEN
INST066_ART063_REQ001;63;CIRC005_2_1_DEPOSITARY_IDENTITY;SUPPLEMENTS_OR_CONSTRAINS;corporate_actions[].asset_transfer|corporate_actions[].liability_transfer|corporate_actions[].holder_conversion|corporate_actions[].absorbed_fund_termination|corporate_actions[].depositary_confirmation;RULE_MERGER_ASSET_AND_LIABILITY_TRANSFER_CONFIRMED|RULE_MERGER_HOLDER_CONVERSION_RECONCILED|RULE_ABSORBED_FUNDS_TERMINATED|RULE_DEPOSITARY_TRANSFER_CONFIRMATION;PENDING_LEGAL_AND_COMPLIANCE_REVIEW;FORBIDDEN
INST066_ART064_REQ001;64;CIRC005_1_13_FCP_REDEMPTION_REIMBURSEMENT;SUPPLEMENTS_OR_CONSTRAINS;corporate_actions[].scission_rationale|corporate_actions[].side_pocket|corporate_actions[].replica_fund|corporate_actions[].unit_allocation|corporate_actions[].holder_exit_right|corporate_actions[].old_fund_liquidation;RULE_SCISSION_HOLDER_INTEREST_RATIONALE|RULE_SIDE_POCKET_AND_REPLICA_CREATED|RULE_SCISSION_UNIT_ALLOCATION|RULE_SCISSION_FREE_EXIT_IF_CHARACTERISTICS_CHANGE|RULE_OLD_FUND_LIQUIDATION_AFTER_TRANSFER;PENDING_LEGAL_AND_COMPLIANCE_REVIEW;FORBIDDEN
INST066_ART067_REQ001;67;;NO_EXACT_LINK_IDENTIFIED;corporate_actions[].type|corporate_actions[].resulting_funds[]|documents.prospectus.versions[];RULE_SCISSION_DOSSIER_COMPLETE;PENDING_LEGAL_AND_COMPLIANCE_REVIEW;FORBIDDEN
INST066_ART068_REQ001;68;;NO_EXACT_LINK_IDENTIFIED;corporate_actions[].resulting_funds[].canonical_data|documents.prospectus.versions[];RULE_RESULTING_FUND_DOCUMENT_SET_COMPLETE;PENDING_LEGAL_AND_COMPLIANCE_REVIEW;FORBIDDEN
INST066_ART069_REQ001;69;;NO_EXACT_LINK_IDENTIFIED;corporate_actions[].holder_information|documents.prospectus.availability;RULE_SCISSION_HOLDER_INFORMATION_COMPLETE;PENDING_LEGAL_AND_COMPLIANCE_REVIEW;FORBIDDEN
INST066_ART074_REQ001;74;CIRC005_1_10_FCP_PARTS_CHARACTERISTICS;SUPPLEMENTS_OR_CONSTRAINS;fund.employee_savings|share_classes[]|target_investor.investor_types;RULE_EMPLOYEE_SAVINGS_CLASS_DETAILS_COMPLETE;PENDING_LEGAL_AND_COMPLIANCE_REVIEW;FORBIDDEN
INST066_ART074_REQ001;74;CIRC005_5_2_TARGET_INVESTOR;SUPPLEMENTS_OR_CONSTRAINS;fund.employee_savings|share_classes[]|target_investor.investor_types;RULE_EMPLOYEE_SAVINGS_CLASS_DETAILS_COMPLETE;PENDING_LEGAL_AND_COMPLIANCE_REVIEW;FORBIDDEN
INST066_ART086_REQ001;86;;NO_EXACT_LINK_IDENTIFIED;opcr.constitutive_document|regulatory_coverage.requirements;RULE_OPCR_CONSTITUTIVE_DOCUMENT_COMPLETE;PENDING_LEGAL_AND_COMPLIANCE_REVIEW;FORBIDDEN
INST066_ART087_REQ001;87;CIRC005_1_13_FCP_REDEMPTION_REIMBURSEMENT;SUPPLEMENTS_OR_CONSTRAINS;redemption|redemption.suspension|opcr.liquidity_arrangements;RULE_OPCR_LIQUIDITY_DISCLOSURE_COMPLETE;PENDING_LEGAL_AND_COMPLIANCE_REVIEW;FORBIDDEN
INST066_ART087_REQ001;87;CIRC005_1_13_FCP_SUSPENSION;SUPPLEMENTS_OR_CONSTRAINS;redemption|redemption.suspension|opcr.liquidity_arrangements;RULE_OPCR_LIQUIDITY_DISCLOSURE_COMPLETE;PENDING_LEGAL_AND_COMPLIANCE_REVIEW;FORBIDDEN
INST066_ART092_REQ001;92;CIRC005_GENERAL_EFFECTIVE_DATE;SUPPLEMENTS_OR_CONSTRAINS;regulatory_sources.effective_from|regulatory_sources.signed_on|regulatory_sources.abrogated_texts[];RULE_SOURCE_EFFECTIVE_DATE_VERIFIED|RULE_ABROGATION_INVENTORY_CONFIRMED;PENDING_LEGAL_AND_COMPLIANCE_REVIEW;FORBIDDEN
